#,Nodes,,,,,,,,,,,,,,,,,,
#,Name,Color,Parent,Start,Stop,Icon,Description,[Namechange,When,Description,[Namechange,When,Description,[Namechange,When,Description,…]]],,
N,Partido Revolucionario Venezolano «PRV»,#CB1D11,,1926,,,https://openlibrary.org/books/OL2898582M/Los_partidos_poli%CC%81ticos_en_la_evolucio%CC%81n_histo%CC%81rica_venezolana,Partido Comunista de Venezuela «PCV»,1931.3.5,https://es.wikipedia.org/wiki/Partido_Comunista_de_Venezuela,Partido Comunista de Venezuela «PCV»,1945.5.5,https://es.wikipedia.org/wiki/Partido_Comunista_de_Venezuela,Unión para Avanzar «UPA»,1967.10.20,https://openlibrary.org/books/OL2898582M/Los_partidos_poli%CC%81ticos_en_la_evolucio%CC%81n_histo%CC%81rica_venezolana,Partido Comunista de Venezuela «PCV»,1970.5.10,https://es.wikipedia.org/wiki/Partido_Comunista_de_Venezuela
N,Partido de Liberación Nacional,#2F8097,,1929,1929.8.23,,https://openlibrary.org/books/OL2898582M/Los_partidos_poli%CC%81ticos_en_la_evolucio%CC%81n_histo%CC%81rica_venezolana,,,,,,,,,,,,
N,Agrupación Revolucionaria de Izquierda «ARDI»,#e11d40,,1931,1936.3.1,,https://openlibrary.org/books/OL2898582M/Los_partidos_poli%CC%81ticos_en_la_evolucio%CC%81n_histo%CC%81rica_venezolana,,,,,,,,,,,,
N,Movimiento de Organización Venezolana «ORVE»,#837052,Agrupación Revolucionaria de Izquierda «ARDI»,1936.3.1,1937.2.3,,https://es.wikipedia.org/wiki/Alberto_Adriani,,,,,,,,,,,,
N,Partido Democrático Nacional «PDN»,#CB9517,Movimiento de Organización Venezolana «ORVE»,1936.10.28,1941.9.13,,https://openlibrary.org/books/OL2898582M/Los_partidos_poli%CC%81ticos_en_la_evolucio%CC%81n_histo%CC%81rica_venezolana,,,,,,,,,,,,
N,Partidarios de la Política del Gobierno «PPG»,#290a2e,Agrupación Cívica Bolivariana,1943.5.26,1945.10.31,,https://openlibrary.org/books/OL2898582M/Los_partidos_poli%CC%81ticos_en_la_evolucio%CC%81n_histo%CC%81rica_venezolana,Partido Democrático Venezolano «PDV»,1943.9.18,https://es.wikipedia.org/wiki/Partido_Democr%C3%A1tico_Venezolano,,,,,,,,,
N,Acción Democrática «AD»,#0066FF,Partido Democrático Nacional «PDN»,1941.9.13,,,https://es.wikipedia.org/wiki/Acci%C3%B3n_Democr%C3%A1tica,,,,,,,,,,,,
N,Unión Republicana Democrática «URD»,#FEED00,,1945.12.18,,,https://es.wikipedia.org/wiki/Uni%C3%B3n_Republicana_Democr%C3%A1tica,,,,,,,,,,,,
N,Comité de Organización Política Electoral Independiente «COPEI»,#8DC73C,Acción Nacional,1946.1.13,,,https://es.wikipedia.org/wiki/Copei,,,,,,,,,,,,
N,Frente Electoral Independiente «FEI»,#000081,,1951.6.20,1958.1.23,,https://es.wikipedia.org/wiki/Frente_Electoral_Independiente,,,,,,,,,,,,
N,Integración Republicana «IR»,#383C4A,Unión Republicana Democrática «URD»,1958.3.1,1963.12.1,,https://openlibrary.org/books/OL2898582M/Los_partidos_poli%CC%81ticos_en_la_evolucio%CC%81n_histo%CC%81rica_venezolana,,,,,,,,,,,,
N,Movimiento Electoral Nacional Independiente «MENI»,#c02c2e,,1958.9.11,1973.3.31,,https://openlibrary.org/books/OL2898582M/Los_partidos_poli%CC%81ticos_en_la_evolucio%CC%81n_histo%CC%81rica_venezolana,,,,,,,,,,,,
N,Movimiento de Izquierda Revolucionaria «MIR»,#273133,Acción Democrática «AD»,1960.7.8,1988.12.4,,https://openlibrary.org/books/OL2898582M/Los_partidos_poli%CC%81ticos_en_la_evolucio%CC%81n_histo%CC%81rica_venezolana,,,,,,,,,,,,
N,Movimiento de Acción Nacional «MAN»,#2b285c,Comité de Organización Política Electoral Independiente «COPEI»,1960.5.15,1973.12.9,,https://openlibrary.org/books/OL2898582M/Los_partidos_poli%CC%81ticos_en_la_evolucio%CC%81n_histo%CC%81rica_venezolana,,,,,,,,,,,,
N,Opinión Nacional «OPINA»,#9A7628,,1962.3.13,,,https://openlibrary.org/books/OL2898582M/Los_partidos_poli%CC%81ticos_en_la_evolucio%CC%81n_histo%CC%81rica_venezolana,,,,,,,,,,,,
N,AD-Oposición,#D8C342,Acción Democrática «AD»,1962.1.12,1973.12.9,,https://openlibrary.org/books/OL2898582M/Los_partidos_poli%CC%81ticos_en_la_evolucio%CC%81n_histo%CC%81rica_venezolana,Partido Revolucionario de Integración Nacionalista «PRIN»,1964.2.23,https://openlibrary.org/books/OL2898582M/Los_partidos_poli%CC%81ticos_en_la_evolucio%CC%81n_histo%CC%81rica_venezolana,Partido Revolucionario Nacionalista «PRN»,1965.2,https://openlibrary.org/books/OL2898582M/Los_partidos_poli%CC%81ticos_en_la_evolucio%CC%81n_histo%CC%81rica_venezolana,,,,,,
N,Fuerza Democrática Popular «FDP»,#1C5F9B,Movimiento de Izquierda Revolucionaria «MIR»,1962.8.20,1993.12.5,,https://es.wikipedia.org/wiki/Fuerza_Democr%C3%A1tica_Popular,,,,,,,,,,,,
N,Independientes Pro Frente Nacional «IPFN»,#fcd680,,1963.9,1973.12.9,,https://openlibrary.org/books/OL2898582M/Los_partidos_poli%CC%81ticos_en_la_evolucio%CC%81n_histo%CC%81rica_venezolana,Frente Nacional Democrático «FND»,1964.2.24,http://bibliofep.fundacionempresaspolar.org/_custom/static/cronologia_hv/zoom/s20-2/1964-4.html,,,,,,,,,
N,Cruzada Cívica Nacionalista «CCN»,#D8B574,,1965.10.23,2005.12.4,,https://openlibrary.org/books/OL2898582M/Los_partidos_poli%CC%81ticos_en_la_evolucio%CC%81n_histo%CC%81rica_venezolana,,,,,,,,,,,,
N,Vanguardia Popular Nacionalista «VPN»,#C4E0E3,Unión Republicana Democrática «URD»,1964.2.28,1966,,https://openlibrary.org/books/OL2898582M/Los_partidos_poli%CC%81ticos_en_la_evolucio%CC%81n_histo%CC%81rica_venezolana,,,,,,,,,,,,
N,Partido de la Revolución Venezolana «PRV»,#DF0500,Partido Revolucionario Venezolano «PRV»,1966.4.23,1993,,https://es.wikipedia.org/wiki/Partido_de_la_Revoluci%C3%B3n_Venezolana,,,,,,,,,,,,
N,Movimiento Demócrata Independiente «MDI»,#EC6710,Unión Republicana Democrática «URD»,1966.5,1978.12.3,,https://openlibrary.org/books/OL2898582M/Los_partidos_poli%CC%81ticos_en_la_evolucio%CC%81n_histo%CC%81rica_venezolana,,,,,,,,,,,,
N,Movimiento Electoral del Pueblo «MEP»,#5F008E,Acción Democrática «AD»,1967.12.10,,,https://es.wikipedia.org/wiki/Movimiento_Electoral_del_Pueblo,,,,,,,,,,,,
N,Liga Socialista «LS»,#A32322,Movimiento de Izquierda Revolucionaria «MIR»,1973.11.19,2008.3.14,,http://vtv.mippci.gob.ve/efemerides-hace-45-anos-se-funda-la-liga-socialista/,,,,,,,,,,,,
N,Bandera Roja «BR»,#FF0000,Movimiento de Izquierda Revolucionaria «MIR»,1970.1.20,,,https://es.wikipedia.org/wiki/Bandera_Roja_(partido_pol%C3%ADtico_de_Venezuela),,,,,,,,,,,,
N,Movimiento al Socialismo «MAS»,#FF6600,Partido Revolucionario Venezolano «PRV»,1971.1.14,,,http://historico.prodavinci.com/blogs/mucho-antes-de-nacer-la-causa-r-el-cojo-lira-ya-era-super-cojonudo-por-victor-suarez/,,,,,,,,,,,,
N,La Causa Radical «LCR»,#F7EE42,Movimiento al Socialismo «MAS»,1971.1.14,,,http://historico.prodavinci.com/blogs/mucho-antes-de-nacer-la-causa-r-el-cojo-lira-ya-era-super-cojonudo-por-victor-suarez/,,,,,,,,,,,,
N,Nuevo Orden «NOR»,#000000,,1974.1.12,2003,,https://es.wikipedia.org/wiki/Nuevo_Orden_(Venezuela),,,,,,,,,,,,
N,Movimiento Integración Nacional «MIN»,#00B8DE,Acción Democrática «AD»,1977.7.16,,,https://es.wikipedia.org/wiki/Movimiento_de_Integridad_Nacional-Unidad,Movimiento de Integridad Nacional-Unidad «MIN-UNIDAD»,2005,https://es.wikipedia.org/wiki/Movimiento_de_Integridad_Nacional-Unidad,,,,,,,,,
N,Movimiento Republicano Nacional «MRN»,#DD371F,Unión Republicana Democrática «URD»,1978,1998.12.6,,https://es.wikipedia.org/wiki/Partidos_pol%C3%ADticos_de_Venezuela,,,,,,,,,,,,
N,Vanguardia Comunista «VC»,#e13f3e,Partido Revolucionario Venezolano «PRV»,1974.5,1983.12.4,,http://bibliofep.fundacionempresaspolar.org/_custom/static/cronologia_hv/zoom/s20-10/1974-12.html,Vanguardia Unitaria Comunista «VUC»,1978,https://es.wikipedia.org/wiki/Pol%C3%ADtica_de_Venezuela,,,,,,,,,
N,Tendencias Unificadas Para Alcanzar el Movimiento de Acción Revolucionaria Organizada «TUPAMARO»,#FF0000,,2004.10.22,,,http://www.poderopedia.org/ve/organizaciones/Tupamaros,,,,,,,,,,,,
N,Nueva Generación Democrática «NGD»,#cdf736,,1979,2000.7.30,,https://es.wikipedia.org/wiki/Nueva_Generaci%C3%B3n_Democr%C3%A1tica,,,,,,,,,,,,
N,Organización Renovadora Auténtica «ORA»,#000000,,1986.3,,,http://cic1.ucab.edu.ve/cic/php/buscar_1reg.php?Opcion=leerregistro&Formato=w&base=imber&cipar=imber.par&Mfn=4587,,,,,,,,,,,,
N,Consejo Nacional Indio de Venezuela «CONIVE»,#BCE0B5,,1989.8.31,,,https://www.aporrea.org/actualidad/a262571.html,,,,,,,,,,,,
N,Gente Emergente «GE»,#207EE0,,1991.6.22,,,https://es.wikipedia.org/wiki/Gente_Emergente_(Venezuela)  ,,,,,,,,,,,,
N,Convergencia,#CD740E,Comité de Organización Política Electoral Independiente «COPEI»,1993.6.5,,,https://es.wikipedia.org/wiki/Convergencia_(Venezuela),,,,,,,,,,,,
N,Independientes por la Comunidad Nacional «IPCN»,#B11E2B,,1995.9.15,,,http://www.minci.gob.ve/wp-content/uploads/2015/09/Capurro-Septiembre-02.pdf,,,,,,,,,,,,
N,Solidaridad Independiente «SI»,#FFFF01,,1996.10.31,,,https://es.wikipedia.org/wiki/Solidaridad_Independiente,,,,,,,,,,,,
N,Movimiento Republicano «MR»,#005DCD,,1995.8.23,,,http://www.movimientorepublicano.org/quienes-somos/,,,,,,,,,,,,
N,Movimiento Apertura «Apertura»,#2AB1EB,Acción Democrática «AD»,1997.3.20,,,https://es.wikipedia.org/wiki/Movimiento_Apertura_(Venezuela),,,,,,,,,,,,
N,Patria Para Todos «PPT»,#0536BF,La Causa Radical «LCR»,1997.9.27,,,https://es.wikipedia.org/wiki/Patria_Para_Todos,,,,,,,,,,,,
N,Movimiento V República «MVR»,#FFFF37,,1997.10.21,2008.3.14,,https://es.wikipedia.org/wiki/Movimiento_V_Rep%C3%BAblica,,,,,,,,,,,,
N,Movimiento Independiente Ganamos Todos «MIGATO»,#009DFE,,1997,,,https://es.wikipedia.org/wiki/Movimiento_Independiente_Ganamos_Todos,,,,,,,,,,,,
N,Proyecto Carabobo,#FFFF00,Comité de Organización Política Electoral Independiente «COPEI»,1995.9.19,,,https://www.el-carabobeno.com/proyecto-venezuela-celebro-su-aniversario-no-22-con-mensaje-de-henrique-salas/,Proyecto Venezuela «PRVZL»,1998,https://es.wikipedia.org/wiki/Proyecto_Venezuela,,,,,,,,,
N,Renovación,#2F2F2F,Acción Democrática «AD»,1998,,,https://es.wikipedia.org/wiki/Claudio_Ferm%C3%ADn,Encuentro Nacional,2000,https://es.wikipedia.org/wiki/Claudio_Ferm%C3%ADn,,,,,,,,,
N,Izquierda Democrática «IZD»,#F5D1D6,Movimiento al Socialismo «MAS»,1999.2.1,2007.1,,https://es.wikipedia.org/wiki/Izquierda_Democr%C3%A1tica_(Venezuela),,,,,,,,,,,,
N,Un Nuevo Tiempo «UNT»,#1453A6,Acción Democrática «AD»,1999,,,https://es.wikipedia.org/wiki/Un_Nuevo_Tiempo,,2007.3.3,http://www.2001.com.ve/la-nacion/un-nuevo-tiempo-celebro-su-sexto-aniversario.html,,,,,,,,,
N,Alianza Bravo Pueblo «ABP»,#485EA1,Acción Democrática «AD»,2000.12.11,,,https://twitter.com/alcidespadilla/status/1072417866245390336,,,,,,,,,,,,
N,Grupo Socialdemócrata «GSD»,#77908b,Alianza Bravo Pueblo «ABP»,2001,2005.3,,https://es.wikipedia.org/wiki/Alianza_Bravo_Pueblo,,,,,,,,,,,,
N,Corrientes Revolucionarias Venezolanas «CRV»,#C7422C,,1999.12,,,http://www.ramses.epizy.com/sample-page/?i=1,,,,,,,,,,,,
N,Primero Justicia «PJ»,#F4D96E,Comité de Organización Política Electoral Independiente «COPEI»,2000.3.2,,,https://twitter.com/pr1merojusticia/status/969568003405709312,,,,,,,,,,,,
N,Movimiento por la Democracia Directa «MDD»,#E2718B,,2000.4,2008.3.14,,https://es.wikipedia.org/wiki/Movimiento_por_la_Democracia_Directa,,,,,,,,,,,,
N,Unión para el Progreso «UNION»,#DB9272,,2001.5.19,2008.3.14,,http://caracol.com.co/radio/2001/05/19/nacional/0990252000_027808.html,,,,,,,,,,,,
N,Solidaridad,#6464B3,Movimiento V República «MVR»,2001.12,,,https://www.analitica.com/actualidad/actualidad-nacional/presidente-de-la-an-desconoce-salida-de-alejandro-armas-del-ctn-del-mvr/,,,,,,,,,,,,
N,Izquierda Unida «IU»,#D3201C,Movimiento al Socialismo «MAS»,2002,,,https://es.wikipedia.org/wiki/Izquierda_Unida_(Venezuela),,,,,,,,,,,,
N,Movimiento Laborista «ML»,#8D4925,,2002,,,https://es.wikipedia.org/wiki/Movimiento_Laborista_(Venezuela),,,,,,,,,,,,
N,Por la Democracia Social «PODEMOS»,#961014,Movimiento al Socialismo «MAS»,2002.3.22,,,https://es.wikipedia.org/wiki/Por_la_Democracia_Social,,,,,,,,,,,,
N,Visión Emergente «VE»,#825854,,2002,2010.1.16,,https://es.wikipedia.org/wiki/Visi%C3%B3n_Emergente,,,,,,,,,,,,
N,Unidad Patriótica de Carabobo «UPC»,#BAAD5F,,2002.11,,,https://es.wikipedia.org/wiki/Unidad_Patri%C3%B3tica_Comunitaria,Unidad Patriótica Comunitaria «UPC»,2006.1.14,https://es.wikipedia.org/wiki/Unidad_Patri%C3%B3tica_Comunitaria,,,,,,,,,
N,Un Solo Pueblo «USP»,#FDB120,,2002.7.26,,,https://es.wikipedia.org/wiki/Un_Solo_Pueblo,,,,,,,,,,,,
N,Movimiento de Concentración Gente Nueva «MCGN»,#792D2F,,2003.2,,,https://es.wikipedia.org/wiki/Organizados_para_Gobernar,Organizados para Gobernar «OPG» ,2013,https://es.wikipedia.org/wiki/Organizados_para_Gobernar,,,,,,,,,
N,Vamos,#2c49a3,Por la Democracia Social «PODEMOS»,2003.6.14,2005.3,,https://es.wikipedia.org/wiki/Rafael_Sim%C3%B3n_Jim%C3%A9nez,,,,,,,,,,,,
N,Fuerza Ciudadana «FC»,#FFFE12,Acción Democrática «AD»,2003.3.11,,,https://es.wikipedia.org/wiki/Fuerza_Ciudadana_(Venezuela),,,,,,,,,,,,
N,Fuerza Liberal «FL»,#011750,,2004.3.22,,,http://www.poderopedia.org/ve/organizaciones/Fuerza_Liberal,,,,,,,,,,,,
N,Movimiento Cívico Militante «MCM»,#CC0001,,2004.9,2008.3.14,,https://es.wikipedia.org/wiki/Movimiento_C%C3%ADvico_Militante,,,,,,,,,,,,
N,Unidad Popular Venezolana «UPV»,#4B0102,Movimiento V República «MVR»,2004.2.6,,,https://es.wikipedia.org/wiki/Unidad_Popular_Venezolana,,,,,,,,,,,,
N,Poder Laboral «PL»,#9A7E2A,,2005.10,,,http://www.correodelorinoco.gob.ve/oposicion-hace-falta-%E2%80%9Cmenos-viveza-y-menos-astucia-y-mayor-madurez%E2%80%9D/,,,,,,,,,,,,
N,Movimiento Ecológico de Venezuela «MOVEV»,#68B92E,,2008.2,,,https://es.wikipedia.org/wiki/Movimiento_Ecol%C3%B3gico_de_Venezuela,,,,,,,,,,,,
N,Polo Democrático «PD»,#FFAE50,Acción Democrática «AD»,2005.3.12,2007.1.4,,https://es.wikipedia.org/wiki/Polo_Democr%C3%A1tico_(Venezuela),,,,,,,,,,,,
N,Visión Venezuela «VISION»,#E21E29,,2005,,,https://es.wikipedia.org/wiki/Unidad_Visi%C3%B3n_Venezuela,Unidad Visión Venezuela «UVV»,2012.7,https://es.wikipedia.org/wiki/Unidad_Visi%C3%B3n_Venezuela,,,,,,,,,
N,Unidad de Vencedores Electorales «UVE»,#A192B6,,2005.4.14,,,http://resultados.cne.gov.ve/web/sala_prensa/noticia_detallada.php?id=1169,,,,,,,,,,,,
N,Venezuela de Primera,#AFE1FC,,2005.9,2010.11.9,,http://www.cne.gob.ve,,,,,,,,,,,,
N,Alianza Popular,#182D79,Comité de Organización Política Electoral Independiente «COPEI»,2005.5.11,,,https://es.wikipedia.org/wiki/Movimiento_Popular_(Venezuela),Movimiento Popular «MP»,2010,https://es.wikipedia.org/wiki/Movimiento_Popular_(Venezuela),,,,,,,,,
N,Nueva Alianza Progresista «NAPO»,#EF8124,,2006.5,,,http://sgg.carabobo.gob.ve/gaceta/GACETAOFICIALNo2071.pdf,,,,,,,,,,,,
N,Partido Socialista Organizado en Venezuela «PSOEV»,#B61C36,,2006.7.11,,,https://es.wikipedia.org/wiki/Partido_Socialista_Organizado_en_Venezuela,,,,,,,,,,,,
N,Partido Independiente Electoral Democrático Respuesta Avanzada «PIEDRA»,#900020,,2006.8,2012.12.16,,http://www4.cne.gob.ve/web/sala_prensa/noticia_detallada.php?id=966,Piensa en Democracia «PIEDRA»,2008.8.7,https://es.wikipedia.org/wiki/Piensa_en_Democracia,,,,,,,,,
N,Clase Media Revolucionaria «CMR»,#F7E360,,2006.8.7,2008.3.14,,https://es.wikipedia.org/wiki/Clase_Media_Revolucionaria,,,,,,,,,,,,
N,Partido Socialista Unido de Venezuela «PSUV»,#FF0000,Movimiento V República «MVR»,2008.3.14,,,https://es.wikipedia.org/wiki/Partido_Socialista_Unido_de_Venezuela,,,,,,,,,,,,
N,Cuentas Claras «CC»,#86C919,,2008.5.27,,,http://www4.cne.gob.ve/web/gaceta_electoral/gaceta_electoral_detallado.php?num_gac=427,,,,,,,,,,,,
N,Unidad Socialista de Izquierda,#98572F,,2008.4.26,,,https://www.aporrea.org/actualidad/n113149.html,Partido Socialismo y Libertad «PSL»,2012.6,http://www.uit-ci.org/index.php/nosotros/donde-encontrarnos/venezuela,,,,,,,,,
N,Nuevo Camino Revolucionario «NCR»,#62187C,Partido Socialista Unido de Venezuela «PSUV»,2008.5.6,,,https://es.wikipedia.org/wiki/Movimiento_Somos_Venezuela,Movimiento Somos Venezuela «MSV»,2018.1.29,https://es.wikipedia.org/wiki/Movimiento_Somos_Venezuela,,,,,,,,,
N,Unidos para Venezuela «UNPARVE»,#D48245,,2008.9.12,,,https://es.wikipedia.org/wiki/Unidos_para_Venezuela,,,,,,,,,,,,
N,Frente Popular Humanista,#AE2984,,2009.1.14,,,https://es.wikipedia.org/wiki/Frente_Popular_Humanista,,,,,,,,,,,,
N,Voluntad Popular «VP»,#F78F1E,Un Nuevo Tiempo «UNT»,2009.12.5,,,https://es.wikipedia.org/wiki/Voluntad_Popular,,,,,,,,,,,,
N,Vanguardia Bicentenaria Republicana «VBR»,#BD0001,Partido Socialista Unido de Venezuela «PSUV»,2011.10.27,,,https://es.wikipedia.org/wiki/Vanguardia_Bicentenaria_Republicana,,,,,,,,,,,,
N,Partido Democrático Unidos por la Paz y la Libertad «PDUPL»,#E356FD,,2012.2,,,https://es.wikipedia.org/wiki/Mar%C3%ADa_Bol%C3%ADvar,,,,,,,,,,,,
N,Partido Revolucionario del Trabajo «PRT»,#82858E,,2011,,,https://vozinsurgente.wordpress.com/2015/08/31/partido-revolucionario-del-trabajo-nuestra-posicion-ante-la-coyuntura-electoral/,,,,,,,,,,,,
N,Redes de Respuesta de Cambios Comunitarios «REDES»,#E40613,,2012.7.18,,,http://www.wikiwand.com/es/Redes_de_Respuesta_de_Cambios_Comunitarios,,,,,,,,,,,,
N,"Movimiento Venezuela Responsable, Emprendedora y Sostenible «MOVERSE»",#2C9202,,2012.6.4,,,"https://es.wikipedia.org/wiki/Movimiento_Venezuela_Responsable,_Emprendedora_y_Sostenible",,,,,,,,,,,,
N,Monagas Patriota,#396727,Partido Socialista Unido de Venezuela «PSUV»,2012.3.22,,,http://www.eluniversal.com/nacional-y-politica/120322/nace-la-fraccion-monagas-patriota-en-la-an,,,,,,,,,,,,
N,Vente Venezuela «VV»,#00B5EA,,2012.5.24,,,https://es.wikipedia.org/wiki/Vente_Venezuela,,,,,,,,,,,,
N,Movimiento Progresista de Venezuela «MPV»,#0B4370,Patria Para Todos «PPT»,2012.6.25,,,https://es.wikipedia.org/wiki/Movimiento_Progresista_de_Venezuela,,,,,,,,,,,,
N,Avanzada Progresista «AP»,#094579,Patria Para Todos «PPT»,2012.6.27,,,https://es.wikipedia.org/wiki/Avanzada_Progresista,,,,,,,,,,,,
N,Nueva Visión para mi País «NUVIPA»,#2B7F7E,,2012.7.18,,,https://es.wikipedia.org/wiki/Nueva_Visi%C3%B3n_para_mi_Pa%C3%ADs,,,,,,,,,,,,
N,Unidad Política Popular 89 «UPP89»,#FC7313,Movimiento Electoral del Pueblo «MEP»,2013.12,,,http://www.ultimasnoticias.com.ve/noticias/sin-categoria/upp-89-nuevo-partido-politico/,,,,,,,,,,,,
N,Independientes Por el Progreso «IPP»,#FB5933,,2014.5.27,,,http://cne.gob.ve/web/gaceta_electoral/gaceta_electoral_detallado.php?tg=1&num_gac=712,Generación Independiente «GENTE»,2018.2.23,http://gente4gcaracas.blogspot.com/2018/02/ya-oficialmente-somos-generacion.html,,,,,,,,,
N,Progreso,#F26424,,2013,,,http://www.noticias-ahora.com/miguel-cocchiola-es-el-nuevo-alcalde-de-valencia/,,,,,,,,,,,,
N,Movimiento Político Alianza para el Cambio «MPAPC»,#C1086D,,2013.8.1,,,https://es.wikipedia.org/wiki/Alianza_para_el_Cambio_(Venezuela),,,,,,,,,,,,
N,Marea Socialista «MS»,#003E81,Partido Socialista Unido de Venezuela «PSUV»,2015.5.6,,,http://www.correodelorinoco.gob.ve/marea-socialista-va-por-su-cuenta-a-an-pero-no-abandona-su-apoyo-a-maduro/,,,,,,,,,,,,
N,Partido Unión y Entendimiento «PUENTE»,#00A8E3,,2015.9.23,,,http://cne.gov.ve/web/gaceta_electoral/gaceta_electoral_detallado.php?tg=1&num_gac=775,,,,,,,,,,,,
N,Integración y Renovación Nueva Esperanza «IRENE»,#0D8C61,,1998,2000.5.19,,https://es.wikipedia.org/wiki/Irene_S%C3%A1ez,,,,,,,,,,,,
N,Unión Popular Venezolana «UPV»,#42474D,Partido Revolucionario Venezolano «PRV»,1944.3.13,1946.12,,https://openlibrary.org/books/OL2898582M/Los_partidos_poli%CC%81ticos_en_la_evolucio%CC%81n_histo%CC%81rica_venezolana,Partido Comunista Venezolano Unitario «PCVU»,1946.2.17,https://openlibrary.org/books/OL2898582M/Los_partidos_poli%CC%81ticos_en_la_evolucio%CC%81n_histo%CC%81rica_venezolana,,,,,,,,,
N,Unión Liberal «UL»,#444A58,,1941.9.24,1947.12,,https://www.google.com/url?sa=t&rct=j&q=&esrc=s&source=web&cd=10&cad=rja&uact=8&ved=2ahUKEwiS2b_-uLTfAhWqs1kKHf9SBRgQFjAJegQICBAC&url=http%3A%2F%2Fvirtual.urbe.edu%2Flibrotexto%2F080_987_CON_40%2Findice.pdf&usg=AOvVaw3JvvK2i24Wd9KpF5PEB9oh,,,,,,,,,,,,
N,Federación de Estudiantes de Venezuela «FEV-OP»,#634a9e,Federación de Estudiantes de Venezuela «FEV»,1936.9.26,1937.2.3,,https://openlibrary.org/books/OL2898582M/Los_partidos_poli%CC%81ticos_en_la_evolucio%CC%81n_histo%CC%81rica_venezolana,,,,,,,,,,,,
N,Unión Nacional Republicana «UNR»,#B7D3C4,,1936.1.31,1940.9.30,,https://openlibrary.org/books/OL2898582M/Los_partidos_poli%CC%81ticos_en_la_evolucio%CC%81n_histo%CC%81rica_venezolana,,,,,,,,,,,,
N,Frente Nacional de Trabajadores «FNT»,#f81a9f,,1936.6.18,1937.2.3,,https://openlibrary.org/books/OL2898582M/Los_partidos_poli%CC%81ticos_en_la_evolucio%CC%81n_histo%CC%81rica_venezolana,,,,,,,,,,,,
N,Frente Obrero,#41e8ee,,1936.7,1937.2.3,,https://openlibrary.org/books/OL2898582M/Los_partidos_poli%CC%81ticos_en_la_evolucio%CC%81n_histo%CC%81rica_venezolana,,,,,,,,,,,,
N,Unión Nacional Estudiantil «UNE»,#16c876,Federación de Estudiantes de Venezuela «FEV»,1936.5.6,1945.10.19,,https://openlibrary.org/books/OL2898582M/Los_partidos_poli%CC%81ticos_en_la_evolucio%CC%81n_histo%CC%81rica_venezolana,,,,,,,,,,,,
N,Partido Demócrata Venezolano «PDV»,#fec8f2,,1937.12.27,1938.3.28,,https://openlibrary.org/books/OL2898582M/Los_partidos_poli%CC%81ticos_en_la_evolucio%CC%81n_histo%CC%81rica_venezolana,,,,,,,,,,,,
N,Partido Republicano Democrático «PRD»,#ecfa2d,,1936.2.10,1937.2.3,,https://openlibrary.org/books/OL2898582M/Los_partidos_poli%CC%81ticos_en_la_evolucio%CC%81n_histo%CC%81rica_venezolana,,,,,,,,,,,,
N,Electores Libres «EL»,#499690,,1995,,,http://www.diariocaribazo.net/noticia.php?id=7638,,,,,,,,,,,,
N,Partido Antipersonalista de Venezuela,#ed8f04,,1936.2.12,1937.2.3,,https://openlibrary.org/books/OL2898582M/Los_partidos_poli%CC%81ticos_en_la_evolucio%CC%81n_histo%CC%81rica_venezolana,,,,,,,,,,,,
N,Partido Liberal,#FFD700,,1936.3.28,1936.10.13,,https://openlibrary.org/books/OL2898582M/Los_partidos_poli%CC%81ticos_en_la_evolucio%CC%81n_histo%CC%81rica_venezolana,,,,,,,,,,,,
N,Partido Liberal Anticomunista,#ecc23b,,1936.5,1936.7.1,,https://openlibrary.org/books/OL2898582M/Los_partidos_poli%CC%81ticos_en_la_evolucio%CC%81n_histo%CC%81rica_venezolana,,,,,,,,,,,,
N,Gran Partido Liberal,#FFF600,Partido Liberal,1936.10.13,1940.9.30,,https://openlibrary.org/books/OL2898582M/Los_partidos_poli%CC%81ticos_en_la_evolucio%CC%81n_histo%CC%81rica_venezolana,,,,,,,,,,,,
N,Partido Liberal Amarillo Histórico,#FFFF00,,1936.7.16,1940.9.30,,https://openlibrary.org/books/OL2898582M/Los_partidos_poli%CC%81ticos_en_la_evolucio%CC%81n_histo%CC%81rica_venezolana,,,,,,,,,,,,
N,Bloque Unión,#c5f587,,1936.6.22,1940.9.30,,https://openlibrary.org/books/OL2898582M/Los_partidos_poli%CC%81ticos_en_la_evolucio%CC%81n_histo%CC%81rica_venezolana,,,,,,,,,,,,
N,Bloque de Avance Nacional «BAN»,#0f1e14,,1936.6,1940.9.30,,https://openlibrary.org/books/OL2898582M/Los_partidos_poli%CC%81ticos_en_la_evolucio%CC%81n_histo%CC%81rica_venezolana,,,,,,,,,,,,
N,Liga de Defensa Nacional,#4f0f12,Unión Nacional Estudiantil «UNE»,1936.9.19,1940.9.30,,https://openlibrary.org/books/OL2898582M/Los_partidos_poli%CC%81ticos_en_la_evolucio%CC%81n_histo%CC%81rica_venezolana,,,,,,,,,,,,
N,Partido Nacionalista «PARNAC»,#0018A8,,1936.9.25,1941.3,,https://openlibrary.org/books/OL2898582M/Los_partidos_poli%CC%81ticos_en_la_evolucio%CC%81n_histo%CC%81rica_venezolana,,,,,,,,,,,,
N,Liga Nacional Pro Presos,#9f9583,,1937.2.2,1937.5.4,,https://openlibrary.org/books/OL2898582M/Los_partidos_poli%CC%81ticos_en_la_evolucio%CC%81n_histo%CC%81rica_venezolana,,,,,,,,,,,,
N,Partido Agrario Nacional «PAN»,#4ba84c,,1937.8.27,1940.9.30,,https://openlibrary.org/books/OL2898582M/Los_partidos_poli%CC%81ticos_en_la_evolucio%CC%81n_histo%CC%81rica_venezolana,,,,,,,,,,,,
N,Acción Electoral,#19c117,Unión Nacional Estudiantil «UNE»,1938.10.11,1942.4.15,,https://openlibrary.org/books/OL2898582M/Los_partidos_poli%CC%81ticos_en_la_evolucio%CC%81n_histo%CC%81rica_venezolana,Movimiento de Acción Nacionalista «MAN»,1939.12.6,https://openlibrary.org/books/OL2898582M/Los_partidos_poli%CC%81ticos_en_la_evolucio%CC%81n_histo%CC%81rica_venezolana,,,,,,,,,
N,Acción Nacional,#006400,Acción Electoral,1942.4.15,1946.1.13,,https://openlibrary.org/books/OL2898582M/Los_partidos_poli%CC%81ticos_en_la_evolucio%CC%81n_histo%CC%81rica_venezolana,,,,,,,,,,,,
N,Federación de Estudiantes de Venezuela «FEV»,#318CE7,,1935.12.14,1941,,https://openlibrary.org/books/OL2898582M/Los_partidos_poli%CC%81ticos_en_la_evolucio%CC%81n_histo%CC%81rica_venezolana,,,,,,,,,,,,
N,Partido Constitucional Independiente,#f008fa,,1940.5.12,1947.12,,https://openlibrary.org/books/OL2898582M/Los_partidos_poli%CC%81ticos_en_la_evolucio%CC%81n_histo%CC%81rica_venezolana,,,,,,,,,,,,
N,Unión Venezolanista Pro Candidatura del General Isaías Medina Angarita,#b5b3c2,,1941.3.18,1941.4.28,,https://openlibrary.org/books/OL2898582M/Los_partidos_poli%CC%81ticos_en_la_evolucio%CC%81n_histo%CC%81rica_venezolana,,,,,,,,,,,,
N,Agrupación Pro Candidatura del General Isaías Medina Angarita,#dfcfe5,,1941.3.17,1941.4.28,,https://openlibrary.org/books/OL2898582M/Los_partidos_poli%CC%81ticos_en_la_evolucio%CC%81n_histo%CC%81rica_venezolana,,,,,,,,,,,,
N,Comité Privado Popular Independiente Pro Candidatura a la Presidencia de la República del General don Vicencio Pérez Soto,#fd687a,,1941.4.17,1941.4.28,,https://openlibrary.org/books/OL2898582M/Los_partidos_poli%CC%81ticos_en_la_evolucio%CC%81n_histo%CC%81rica_venezolana,,,,,,,,,,,,
N,Agrupación Cívica Bolivariana,#848469,,1941.10.26,1943.5.26,,https://openlibrary.org/books/OL2898582M/Los_partidos_poli%CC%81ticos_en_la_evolucio%CC%81n_histo%CC%81rica_venezolana,,,,,,,,,,,,
N,Acción Federal Republicana «AFR»,#e47f55,,1945.8.23,1945.10.18,,https://openlibrary.org/books/OL2898582M/Los_partidos_poli%CC%81ticos_en_la_evolucio%CC%81n_histo%CC%81rica_venezolana,,,,,,,,,,,,
N,Partido Republicano Progresista «PRP»,#e11d40,Partido Revolucionario Venezolano «PRV»,1936.3,1948.11.24,,https://openlibrary.org/books/OL2898582M/Los_partidos_poli%CC%81ticos_en_la_evolucio%CC%81n_histo%CC%81rica_venezolana,,,,,,,,,,,,
N,Partido Socialista Venezolano «PSV»,#b3090b,,1945.11.2,1973.12.9,,https://openlibrary.org/books/OL2898582M/Los_partidos_poli%CC%81ticos_en_la_evolucio%CC%81n_histo%CC%81rica_venezolana,Partido Socialista Democrático «PSD»,1967.7.30,https://openlibrary.org/books/OL2898582M/Los_partidos_poli%CC%81ticos_en_la_evolucio%CC%81n_histo%CC%81rica_venezolana,,,,,,,,,
N,Partido Social Cristiano,#ccf991,,1946.2.17,1948.11.24,,https://openlibrary.org/books/OL2898582M/Los_partidos_poli%CC%81ticos_en_la_evolucio%CC%81n_histo%CC%81rica_venezolana,,,,,,,,,,,,
N,Unión Federal Republicana «UFR»,#6dd684,,1946.5.15,1948.9.16,,https://openlibrary.org/books/OL2898582M/Los_partidos_poli%CC%81ticos_en_la_evolucio%CC%81n_histo%CC%81rica_venezolana,,,,,,,,,,,,
N,Partido Liberal Progresista,#f8dd54,,1946.6.14,1948.11.24,,https://openlibrary.org/books/OL2898582M/Los_partidos_poli%CC%81ticos_en_la_evolucio%CC%81n_histo%CC%81rica_venezolana,,,,,,,,,,,,
N,Partido Socialista de Trabajadores «PST»,#f0056a,,1946.9.17,1963.12.1,,https://openlibrary.org/books/OL2898582M/Los_partidos_poli%CC%81ticos_en_la_evolucio%CC%81n_histo%CC%81rica_venezolana,,,,,,,,,,,,
N,Partido Revolucionario del Proletariado «PRP»,#441b45,Partido Revolucionario Venezolano «PRV»,1946.10.19,1952,,https://openlibrary.org/books/OL2898582M/Los_partidos_poli%CC%81ticos_en_la_evolucio%CC%81n_histo%CC%81rica_venezolana,,,,,,,,,,,,
N,Avance Popular Nacionalista «APN»,#647eb0,,1948.7.13,1948.11.24,,https://openlibrary.org/books/OL2898582M/Los_partidos_poli%CC%81ticos_en_la_evolucio%CC%81n_histo%CC%81rica_venezolana,,,,,,,,,,,,
N,Acción Republicana Popular «ARP»,#1d5b74,Unión Republicana Democrática «URD»,1952.10.27,1958.1.23,,https://openlibrary.org/books/OL2898582M/Los_partidos_poli%CC%81ticos_en_la_evolucio%CC%81n_histo%CC%81rica_venezolana,,,,,,,,,,,,
N,Comité Nacional Popular de Acción Electoral «CONPAE»,#5fecfd,,1961.2.2,1971.3,,https://openlibrary.org/books/OL2898582M/Los_partidos_poli%CC%81ticos_en_la_evolucio%CC%81n_histo%CC%81rica_venezolana,,,,,,,,,,,,
N,Movimiento Republicano Progresista «MRP»,#4245a6,,1961.2.2,1963.12.1,,https://openlibrary.org/books/OL2898582M/Los_partidos_poli%CC%81ticos_en_la_evolucio%CC%81n_histo%CC%81rica_venezolana,,,,,,,,,,,,
N,Movimiento Social Nacionalista «MSN»,#332506,,1962.1.23,1968.12.1,,https://openlibrary.org/books/OL2898582M/Los_partidos_poli%CC%81ticos_en_la_evolucio%CC%81n_histo%CC%81rica_venezolana,,,,,,,,,,,,
N,Alianza Cívica Nacional «ALCINA»,#bb7a04,,1966.4.14,1973.12.9,,https://openlibrary.org/books/OL2898582M/Los_partidos_poli%CC%81ticos_en_la_evolucio%CC%81n_histo%CC%81rica_venezolana,,,,,,,,,,,,
N,Juventud Unida en Acción Nacional Con Bimba «Juan Bimba»,#BCBCBC,,2005,,,http://www.cne.gob.ve/int_divulgacion_parlamentarias/pdf/PARLATINOPARLANDINO.pdf,,,,,,,,,,,,
N,Aclamación Popular «AP»,#95468d,Alianza Cívica Nacional «ALCINA»,1966.8.26,1973.3.31,,https://openlibrary.org/books/OL2898582M/Los_partidos_poli%CC%81ticos_en_la_evolucio%CC%81n_histo%CC%81rica_venezolana,,,,,,,,,,,,
N,Alianza Popular Independiente «API»,#54ac78,AD-Oposición,1966.10.15,1973.3.31,,https://openlibrary.org/books/OL2898582M/Los_partidos_poli%CC%81ticos_en_la_evolucio%CC%81n_histo%CC%81rica_venezolana,,,,,,,,,,,,
N,Cruzada Electoral Popular Agrupación Social «CEPAS»,#4888e2,,1962.6.24,1968.12.1,,https://openlibrary.org/books/OL2898582M/Los_partidos_poli%CC%81ticos_en_la_evolucio%CC%81n_histo%CC%81rica_venezolana,,,,,,,,,,,,
N,Acción Venezolana Independiente «AVI»,#28bfa6,,1962.8,1963.12.1,,https://openlibrary.org/books/OL2898582M/Los_partidos_poli%CC%81ticos_en_la_evolucio%CC%81n_histo%CC%81rica_venezolana,,,,,,,,,,,,
N,Frente Electoral Independiente de Democrática Organización Nacional «FEIDON»,#7e3d5d,,1962.9.10,1973.3.31,,https://openlibrary.org/books/OL2898582M/Los_partidos_poli%CC%81ticos_en_la_evolucio%CC%81n_histo%CC%81rica_venezolana,,,,,,,,,,,,
N,Partido Auténtico Nacionalista «PAN»,#5837a6,,1963.4.17,1963.12.1,,https://openlibrary.org/books/OL2898582M/Los_partidos_poli%CC%81ticos_en_la_evolucio%CC%81n_histo%CC%81rica_venezolana,,,,,,,,,,,,
N,Alianza Popular «AP»,#d59d36,,1964.5.26,1966.3.24,,https://openlibrary.org/books/OL2898582M/Los_partidos_poli%CC%81ticos_en_la_evolucio%CC%81n_histo%CC%81rica_venezolana,,,,,,,,,,,,
N,Acción Independiente y Social Republicana,#779391,,1966.2.9,1966.3.24,,https://openlibrary.org/books/OL2898582M/Los_partidos_poli%CC%81ticos_en_la_evolucio%CC%81n_histo%CC%81rica_venezolana,,,,,,,,,,,,
N,Alianza Independiente Nacionalista «AIN»,#e2f774,,1966.3.24,1973.12.9,,https://openlibrary.org/books/OL2898582M/Los_partidos_poli%CC%81ticos_en_la_evolucio%CC%81n_histo%CC%81rica_venezolana,Alianza Liberal Venezolana «ALVE»,1968.7.1,https://openlibrary.org/books/OL2898582M/Los_partidos_poli%CC%81ticos_en_la_evolucio%CC%81n_histo%CC%81rica_venezolana,,,,,,,,,
N,Movimiento Libertador «ML»,#147812,,1966.5.18,1973.12.9,,https://openlibrary.org/books/OL2898582M/Los_partidos_poli%CC%81ticos_en_la_evolucio%CC%81n_histo%CC%81rica_venezolana,,,,,,,,,,,,
N,Organización Nacional Independiente «ONI»,#0511f1,,1966.9.26,1998.12.6,,https://openlibrary.org/books/OL2898582M/Los_partidos_poli%CC%81ticos_en_la_evolucio%CC%81n_histo%CC%81rica_venezolana,,,,,,,,,,,,
N,Partido Liberal «PL»,#e2f21f,,1967.9.4,1973.12.9,,https://openlibrary.org/books/OL2898582M/Los_partidos_poli%CC%81ticos_en_la_evolucio%CC%81n_histo%CC%81rica_venezolana,,,,,,,,,,,,
N,Agrupación Popular Independiente Revolucionaria «APIR»,#5837a6,,1967.9.18,1973.12.9,,https://openlibrary.org/books/OL2898582M/Los_partidos_poli%CC%81ticos_en_la_evolucio%CC%81n_histo%CC%81rica_venezolana,Organización Popular Independiente Revolucionaria «OPIR»,1967.12.6,https://openlibrary.org/books/OL2898582M/Los_partidos_poli%CC%81ticos_en_la_evolucio%CC%81n_histo%CC%81rica_venezolana,,,,,,,,,
N,Acción Independiente Revolucionaria «AIR»,#99c3e5,,1968.4.9,1973.12.9,,https://openlibrary.org/books/OL2898582M/Los_partidos_poli%CC%81ticos_en_la_evolucio%CC%81n_histo%CC%81rica_venezolana,,,,,,,,,,,,
N,Frente Independiente Regional «FIR»,#5d5e87,,1968.8.8,1973.12.9,,https://openlibrary.org/books/OL2898582M/Los_partidos_poli%CC%81ticos_en_la_evolucio%CC%81n_histo%CC%81rica_venezolana,,,,,,,,,,,,
N,Izquierda Cristiana «IC»,#bf1315,,1968.8.20,1968.12.1,,https://openlibrary.org/books/OL2898582M/Los_partidos_poli%CC%81ticos_en_la_evolucio%CC%81n_histo%CC%81rica_venezolana,,,,,,,,,,,,
N,Profesionales Independientes del Volante «PRIVO»,#53312c,,1968.8,1973.12.9,,https://openlibrary.org/books/OL2898582M/Los_partidos_poli%CC%81ticos_en_la_evolucio%CC%81n_histo%CC%81rica_venezolana,,,,,,,,,,,,
N,Acción Municipal «AM»,#019752,,1968.9.1,1968.12.1,,https://openlibrary.org/books/OL2898582M/Los_partidos_poli%CC%81ticos_en_la_evolucio%CC%81n_histo%CC%81rica_venezolana,,,,,,,,,,,,
N,Electores Venezolanos Independientes «EVI»,#edc1ab,,1968.9.13,1968.12.1,,https://openlibrary.org/books/OL2898582M/Los_partidos_poli%CC%81ticos_en_la_evolucio%CC%81n_histo%CC%81rica_venezolana,,,,,,,,,,,,
N,Fuerza Revolucionaria Femenina Individual «FRFI»,#f67c47,,1968.9.16,1968.12.1,,https://openlibrary.org/books/OL2898582M/Los_partidos_poli%CC%81ticos_en_la_evolucio%CC%81n_histo%CC%81rica_venezolana,,,,,,,,,,,,
N,Comité Revolucionario Independiente Nacionalista «CRIN»,#76aa4d,,1968.9.26,1968.12.1,,https://openlibrary.org/books/OL2898582M/Los_partidos_poli%CC%81ticos_en_la_evolucio%CC%81n_histo%CC%81rica_venezolana,Comité Revolucionario Centralista Independiente,1968.10.22,https://openlibrary.org/books/OL2898582M/Los_partidos_poli%CC%81ticos_en_la_evolucio%CC%81n_histo%CC%81rica_venezolana,,,,,,,,,
N,Unión Progresista del Pueblo «UPP»,#122b58,,1968.7.16,1973.12.9,,https://openlibrary.org/books/OL2898582M/Los_partidos_poli%CC%81ticos_en_la_evolucio%CC%81n_histo%CC%81rica_venezolana,Bloque de Trabajadores Nacionalistas «BLOTRAN»,1969.5.29,https://openlibrary.org/books/OL2898582M/Los_partidos_poli%CC%81ticos_en_la_evolucio%CC%81n_histo%CC%81rica_venezolana,Unión Progresista del Pueblo «UPP»,1972.11.19,https://openlibrary.org/books/OL2898582M/Los_partidos_poli%CC%81ticos_en_la_evolucio%CC%81n_histo%CC%81rica_venezolana,Frente Justicialista de Liberación «FREJULI»,1973.4.22,,,,
N,Movimiento Desarrollista «MD»,#659c6e,,1968.9.27,1978.12.3,,https://openlibrary.org/books/OL2898582M/Los_partidos_poli%CC%81ticos_en_la_evolucio%CC%81n_histo%CC%81rica_venezolana,,,,,,,,,,,,
N,Carabobo Primero «CBO»,#e05a82,,1968.10.8,1973.12.9,,https://openlibrary.org/books/OL2898582M/Los_partidos_poli%CC%81ticos_en_la_evolucio%CC%81n_histo%CC%81rica_venezolana,,,,,,,,,,,,
N,Movimiento de los Barrios «MB»,#ed410d,,1968.10,1968.12.1,,https://openlibrary.org/books/OL2898582M/Los_partidos_poli%CC%81ticos_en_la_evolucio%CC%81n_histo%CC%81rica_venezolana,,,,,,,,,,,,
N,Movimiento Municipalista «MM»,#ff18ed,,1968.10.10,1973.12.9,,https://openlibrary.org/books/OL2898582M/Los_partidos_poli%CC%81ticos_en_la_evolucio%CC%81n_histo%CC%81rica_venezolana,,,,,,,,,,,,
N,Organización Venezolana Nacionalista Independiente «OVNI»,#6d173a,,1968.10.31,1973.12.9,,https://openlibrary.org/books/OL2898582M/Los_partidos_poli%CC%81ticos_en_la_evolucio%CC%81n_histo%CC%81rica_venezolana,,,,,,,,,,,,
N,Fuerza Electoral Independiente «FEI»,#932bbd,Organización Venezolana Nacionalista Independiente «OVNI»,1968.10.31,1973.12.9,,https://openlibrary.org/books/OL2898582M/Los_partidos_poli%CC%81ticos_en_la_evolucio%CC%81n_histo%CC%81rica_venezolana,,,,,,,,,,,,
N,Unión Democrática Independiente «UDI»,#933426,,1968.11.2,1968.12.1,,https://openlibrary.org/books/OL2898582M/Los_partidos_poli%CC%81ticos_en_la_evolucio%CC%81n_histo%CC%81rica_venezolana,,,,,,,,,,,,
N,Movimiento Pro Candidatura Obrera «MPCO»,#eae17b,,1968.1.6,1968.12.1,,https://openlibrary.org/books/OL2898582M/Los_partidos_poli%CC%81ticos_en_la_evolucio%CC%81n_histo%CC%81rica_venezolana,,,,,,,,,,,,
N,Bloque Independiente Nacionalista «BIN»,#1ab247,,1970.8.4,1973.12.9,,https://openlibrary.org/books/OL2898582M/Los_partidos_poli%CC%81ticos_en_la_evolucio%CC%81n_histo%CC%81rica_venezolana,,,,,,,,,,,,
N,Movimiento Popular Justicialista «MPJ»,#919409,Cruzada Cívica Nacionalista «CCN»,1971.1.30,1978.12.3,,https://openlibrary.org/books/OL2898582M/Los_partidos_poli%CC%81ticos_en_la_evolucio%CC%81n_histo%CC%81rica_venezolana,,,,,,,,,,,,
N,Frente Unido Nacionalista «FUN»,#446953,,1971.7.1,1998.12.6,,https://openlibrary.org/books/OL2898582M/Los_partidos_poli%CC%81ticos_en_la_evolucio%CC%81n_histo%CC%81rica_venezolana,,,,,,,,,,,,
N,Frente Nacional Integracionista «FNI»,#2a753f,,1971.5.20,1978.12.3,,https://openlibrary.org/books/OL2898582M/Los_partidos_poli%CC%81ticos_en_la_evolucio%CC%81n_histo%CC%81rica_venezolana,Partido Nacional Integracionista «PNI»,1971.11.24,https://openlibrary.org/books/OL2898582M/Los_partidos_poli%CC%81ticos_en_la_evolucio%CC%81n_histo%CC%81rica_venezolana,,,,,,,,,
N,Movimiento Independiente Lorencista,#f0e479,,1971.12.6,1973.12.9,,https://openlibrary.org/books/OL2898582M/Los_partidos_poli%CC%81ticos_en_la_evolucio%CC%81n_histo%CC%81rica_venezolana,Movimiento Independiente Mil Uno «MIMU»,1973.5.31,https://openlibrary.org/books/OL2898582M/Los_partidos_poli%CC%81ticos_en_la_evolucio%CC%81n_histo%CC%81rica_venezolana,,,,,,,,,
N,Decisión Popular Venezolana «DPV»,#b0adc3,,1972.1.27,1973.12.9,,https://openlibrary.org/books/OL2898582M/Los_partidos_poli%CC%81ticos_en_la_evolucio%CC%81n_histo%CC%81rica_venezolana,,,,,,,,,,,,
N,Comité de Unidad Revolucionaria,#d92147,,1972.2.6,1973.12.9,,https://openlibrary.org/books/OL2898582M/Los_partidos_poli%CC%81ticos_en_la_evolucio%CC%81n_histo%CC%81rica_venezolana,,,,,,,,,,,,
N,Fuerza Espiritual Venezolana «FEV»,#333c83,,1972.3.13,1998.12.6,,https://openlibrary.org/books/OL2898582M/Los_partidos_poli%CC%81ticos_en_la_evolucio%CC%81n_histo%CC%81rica_venezolana,Fuerza Espiritual Venezolana Orientadora «FEVO»,1973.6.4,https://openlibrary.org/books/OL2898582M/Los_partidos_poli%CC%81ticos_en_la_evolucio%CC%81n_histo%CC%81rica_venezolana,,,,,,,,,
N,Congreso del Trabajo,#c56cb9,Movimiento Electoral del Pueblo «MEP»,1972.4.25,1973.12.9,,https://openlibrary.org/books/OL2898582M/Los_partidos_poli%CC%81ticos_en_la_evolucio%CC%81n_histo%CC%81rica_venezolana,,,,,,,,,,,,
N,Comité Independiente Pro Candidatura Presidencial de Rómulo Betancourt,#1295f2,,1972.4.25,1972.7.20,,https://openlibrary.org/books/OL2898582M/Los_partidos_poli%CC%81ticos_en_la_evolucio%CC%81n_histo%CC%81rica_venezolana,,,,,,,,,,,,
N,Movimiento de Alternativa Revolucionaria «MAR»,#bc7029,,1972.5.20,1973.12.9,,https://openlibrary.org/books/OL2898582M/Los_partidos_poli%CC%81ticos_en_la_evolucio%CC%81n_histo%CC%81rica_venezolana,,,,,,,,,,,,
N,Movimiento de Fuerza Nacional Independiente,#94c202,,1972.5.29,1972.7.20,,https://openlibrary.org/books/OL2898582M/Los_partidos_poli%CC%81ticos_en_la_evolucio%CC%81n_histo%CC%81rica_venezolana,,,,,,,,,,,,
N,Vanguardia Socialista «VS»,#f01b27,,1972.6.21,1973.12.9,,https://openlibrary.org/books/OL2898582M/Los_partidos_poli%CC%81ticos_en_la_evolucio%CC%81n_histo%CC%81rica_venezolana,,,,,,,,,,,,
N,Alianza Republicana Patriotica «ARPA»,#d6b18f,,1972.7.5,1978.12.3,,https://openlibrary.org/books/OL2898582M/Los_partidos_poli%CC%81ticos_en_la_evolucio%CC%81n_histo%CC%81rica_venezolana,Alianza Revolucionaria Patriótica «ARPA»,1973.5.30,https://openlibrary.org/books/OL2898582M/Los_partidos_poli%CC%81ticos_en_la_evolucio%CC%81n_histo%CC%81rica_venezolana,,,,,,,,,
N,Refugio de los Venezolanos,#7b91b2,,1972.7.19,1973.12.9,,https://openlibrary.org/books/OL2898582M/Los_partidos_poli%CC%81ticos_en_la_evolucio%CC%81n_histo%CC%81rica_venezolana,,,,,,,,,,,,
N,Unión del Pueblo Venezolano «UPV»,#4c230a,,1972.7.24,1973.12.9,,https://openlibrary.org/books/OL2898582M/Los_partidos_poli%CC%81ticos_en_la_evolucio%CC%81n_histo%CC%81rica_venezolana,,,,,,,,,,,,
N,Movimiento Venezuela Independiente «MVI»,#07415f,,1972.1.23,1973.7.4,,https://openlibrary.org/books/OL2898582M/Los_partidos_poli%CC%81ticos_en_la_evolucio%CC%81n_histo%CC%81rica_venezolana,Venezuela Independiente «VI»,1973.4.5,https://openlibrary.org/books/OL2898582M/Los_partidos_poli%CC%81ticos_en_la_evolucio%CC%81n_histo%CC%81rica_venezolana,,,,,,,,,
N,Movimiento Independiente Progresista «MIP»,#bcce1f,,1970.8.31,1978.12.3,,https://openlibrary.org/books/OL2898582M/Los_partidos_poli%CC%81ticos_en_la_evolucio%CC%81n_histo%CC%81rica_venezolana,Independientes Progresistas «IP»,1973.7.4,https://openlibrary.org/books/OL2898582M/Los_partidos_poli%CC%81ticos_en_la_evolucio%CC%81n_histo%CC%81rica_venezolana,,,,,,,,,
N,Social Democracia Popular Venezolana,#11034e,Comité de Organización Política Electoral Independiente «COPEI»,1972.10.8,1973.12.9,,https://openlibrary.org/books/OL2898582M/Los_partidos_poli%CC%81ticos_en_la_evolucio%CC%81n_histo%CC%81rica_venezolana,Democracia Popular «DP»,1973.8,https://openlibrary.org/books/OL2898582M/Los_partidos_poli%CC%81ticos_en_la_evolucio%CC%81n_histo%CC%81rica_venezolana,,,,,,,,,
N,Movimiento Independiente Apureño «MIA»,#f27323,,1972.11.7,1973.12.9,,https://openlibrary.org/books/OL2898582M/Los_partidos_poli%CC%81ticos_en_la_evolucio%CC%81n_histo%CC%81rica_venezolana,,,,,,,,,,,,
N,Federación Nacional Independiente «FNI»,#63ab2c,,1972.11.13,1973.12.9,,https://openlibrary.org/books/OL2898582M/Los_partidos_poli%CC%81ticos_en_la_evolucio%CC%81n_histo%CC%81rica_venezolana,,,,,,,,,,,,
N,Fuerza Emancipadora «FE»,#0f43e0,,1972.11.15,1993.12.5,,https://openlibrary.org/books/OL2898582M/Los_partidos_poli%CC%81ticos_en_la_evolucio%CC%81n_histo%CC%81rica_venezolana,,,,,,,,,,,,
N,Alianza Libertadora Nacionalista «ALN»,#218463,,1973.1,1973.12.9,,https://openlibrary.org/books/OL2898582M/Los_partidos_poli%CC%81ticos_en_la_evolucio%CC%81n_histo%CC%81rica_venezolana,,,,,,,,,,,,
N,Frente Independiente Popular «FIPO»,#8f9cb0,,1973.1.8,1973.12.9,,https://openlibrary.org/books/OL2898582M/Los_partidos_poli%CC%81ticos_en_la_evolucio%CC%81n_histo%CC%81rica_venezolana,,,,,,,,,,,,
N,Agrupación de Mujeres Nacionalistas Independientes,#9dfa56,,1973.2.3,1973.12.9,,https://openlibrary.org/books/OL2898582M/Los_partidos_poli%CC%81ticos_en_la_evolucio%CC%81n_histo%CC%81rica_venezolana,,,,,,,,,,,,
N,Comité Independiente de Proyección Electoral,#22e5f3,,1973.2.3,1973.12.9,,https://openlibrary.org/books/OL2898582M/Los_partidos_poli%CC%81ticos_en_la_evolucio%CC%81n_histo%CC%81rica_venezolana,,,,,,,,,,,,
N,Agrupación Electoral Independiente «AEI»,#eb0e68,,1973.3.19,1973.12.9,,https://openlibrary.org/books/OL2898582M/Los_partidos_poli%CC%81ticos_en_la_evolucio%CC%81n_histo%CC%81rica_venezolana,,,,,,,,,,,,
N,Independientes Pro Desarrollo de la Comunidad «IPDC»,#6687f0,,1973.4.11,1978.12.3,,https://openlibrary.org/books/OL2898582M/Los_partidos_poli%CC%81ticos_en_la_evolucio%CC%81n_histo%CC%81rica_venezolana,,,,,,,,,,,,
N,Independientes con Burelli,#58ae1b,,1973.5,1973.12.9,,https://openlibrary.org/books/OL2898582M/Los_partidos_poli%CC%81ticos_en_la_evolucio%CC%81n_histo%CC%81rica_venezolana,,,,,,,,,,,,
N,Causa Común «CC»,#faf519,,1973.4.26,1978.12.3,,https://openlibrary.org/books/OL2898582M/Los_partidos_poli%CC%81ticos_en_la_evolucio%CC%81n_histo%CC%81rica_venezolana,,,,,,,,,,,,
N,Unión de Revolucionarios Independientes «URI»,#b9dc40,,1973.8,1973.12.9,,https://openlibrary.org/books/OL2898582M/Los_partidos_poli%CC%81ticos_en_la_evolucio%CC%81n_histo%CC%81rica_venezolana,,,,,,,,,,,,
N,Rescate Espiritual Integración Nacional «REINA»,#725531,,1973.8,1973.12.9,,https://openlibrary.org/books/OL2898582M/Los_partidos_poli%CC%81ticos_en_la_evolucio%CC%81n_histo%CC%81rica_venezolana,,,,,,,,,,,,
N,Nuevo Ideal Nacional «NIN»,#1a498b,,1967.5.26,1973.12.9,,https://openlibrary.org/books/OL2898582M/Los_partidos_poli%CC%81ticos_en_la_evolucio%CC%81n_histo%CC%81rica_venezolana,,,,,,,,,,,,
N,Acción Nacional Progresista «ANP»,#05e00b,,1971.5.7,1973.12.9,,https://openlibrary.org/books/OL2898582M/Los_partidos_poli%CC%81ticos_en_la_evolucio%CC%81n_histo%CC%81rica_venezolana,,,,,,,,,,,,
N,Grupo de Acción Revolucionaria «GAR»,#a2600c,Comité de Organización Política Electoral Independiente «COPEI»,1969,1983.12.4,,http://www.haiman.com.ve/Archivos/Libros%20publicados/Historia%20de%20la%20Revolucion%20Bolivariana.pdf,,,,,,,,,,,,
N,Acción Renovadora Vencedora Independiente «ARVI»,#9d2079,,1973,1973.12.9,,https://kellogg.nd.edu/sites/default/files/old_files/documents/244_0.pdf,,,,,,,,,,,,
N,Movimiento Renovación Nacional «MORENA»,#cdc9a6,Unión Republicana Democrática «URD»,1978,1993.12.5,,https://kellogg.nd.edu/sites/default/files/old_files/documents/244_0.pdf,,,,,,,,,,,,
N,Movimiento Familiar «MF»,#136e0a,,1972.10.10,1973.12.9,,https://openlibrary.org/books/OL2898582M/Los_partidos_poli%CC%81ticos_en_la_evolucio%CC%81n_histo%CC%81rica_venezolana,,,,,,,,,,,,
N,Araguaney Movimiento Independiente «AMI»,#e3f54d,,1983,1988.12.4,,http://hdl.handle.net/2152/16391,,,,,,,,,,,,
N,Movimiento del Trabajo «MDT»,#2c7d9c,,1978,1983.12.4,,http://hdl.handle.net/2152/16391,,,,,,,,,,,,
N,Amplio Frente Independiente Nacional «AFIN»,#3c8eb4,,1978.7.12,1978.12,,https://www.buenastareas.com/ensayos/Datos-De-Los-Partidos-Pol%C3%ADticos-Actuantes/1366225.html,,,,,,,,,,,,
N,Fuerza Unida Revolucionaria «FURE»,#14706b,,1978.1.16,1980,,https://documentop.com/2199_5a19fda01723dd312b6aa202.html,,,,,,,,,,,,
N,El Pueblo Avanza «EPA»,#ea6e13,,1978.7.18,,,https://documentop.com/2299_5a19feae1723dd322b8fa508.html,El Pueblo Avanza «EPA»,2002.7.11,https://www.aporrea.org/actualidad/a210612.html,,,,,,,,,
N,Movimiento Independiente Organizado «MIO»,#147f2f,,1983,1983.12.4,,http://www.cne.gov.ve/web/documentos/estadisticas/e006.pdf,,,,,,,,,,,,
N,Independientes con Caldera «ICC»,#3dd96e,,1983.7.19,1983.12.4,,http://cic1.ucab.edu.ve/cic/php/buscar_1reg.php?Opcion=leerregistro&Formato=w&base=imber&cipar=imber.par&Mfn=3971,,,,,,,,,,,,
N,Venceremos Organizados Independientes «VOI»,#be9431,,1983,,,http://hdl.handle.net/2152/16391,,,,,,,,,,,,
N,Integración Renovadora Electoral «IRE»,#b4541e,,1983.8.1,1988.12.4,,http://www.eumed.net/oe-vess/conv/32779.pdf,,,,,,,,,,,,
N,Electores Independientes «EI»,#aa25e8,,1983.3.22,1983.12.4,,http://gacetaoficial.tuabogado.com/gaceta-oficial/decada-1980/1983/gaceta-oficial-32690-del-22-marzo-1983,,,,,,,,,,,,
N,Nueva Alternativa «NA»,#b02a0f,Movimiento de Izquierda Revolucionaria «MIR»,1968.12,1993.12.5,,http://servidor.colegio-stellamaris.edu.co:8983/wikipedia_es_all_novid_2018-04/A/Anexo%3AVenezuela_en_1968.html,,,,,,,,,,,,
N,Rescate Nacional «RN»,#3f3641,,1982.8.13,1983.12.4,,http://cic1.ucab.edu.ve/cic/php/buscar_1reg.php?Opcion=leerregistro&Formato=w&base=imber&cipar=imber.par&Mfn=6391,,,,,,,,,,,,
N,Fórmula Uno «F1»,#e895ea,,1988.8.8,1993.12.5,,http://cic1.ucab.edu.ve/cic/php/buscar_1reg.php?Opcion=leerregistro&Formato=w&base=imber&cipar=imber.par&Mfn=5004,,,,,,,,,,,,
N,Partido Nacionalista Venezolano «PNV»,#14633c,,1979.7.30,1983.12.4,,https://vlexvenezuela.com/vid/ybarra-riverol-partido-nacionalista-283514603,,,,,,,,,,,,
N,Confianza Electoral «CONFE»,#c8be03,,1983.8.1,1983.12.4,,http://www.eumed.net/oe-vess/conv/32779.pdf,,,,,,,,,,,,
N,Comité Independiente Mayoritario «CIMA»,#518213,,1983,1983.12.4,,https://kellogg.nd.edu/sites/default/files/old_files/documents/244_0.pdf,,,,,,,,,,,,
N,Movimiento Pro Defensa de Ideas Nacionalistas «MPDIN»,#fa1f2c,,1969,2000,,http://revistacaracola.com.ve/en-el-movimiento-pro-defensa-de-las-ideas-nacionalistas-mpdin-eramos-mas-de-5-militantes-camarada-presidente/,,,,,,,,,,,,
N,Independientes Con el Cambio 88,#5e8797,,1988,1988.12.4,,http://hdl.handle.net/2152/16391,,,,,,,,,,,,
N,Línea Democrática Republicana «LIDER»,#e2fab1,,1988,1998.12.6,,https://kellogg.nd.edu/sites/default/files/old_files/documents/244_0.pdf,,,,,,,,,,,,
N,La Nueva República «LNR»,#ab762d,,1988,1988.12.4,,http://hdl.handle.net/2152/16391,,,,,,,,,,,,
N,Movimiento Nacionalista Venezolano «MNV»,#fa1f2c,,1988,1988.12.4,,http://hdl.handle.net/2152/16391,,,,,,,,,,,,
N,Nosotros el Poder Social de la Nación «PSN»,#f97f07,,1986,1988.12.4,,http://luchassocialesenaragua.blogspot.com/2012/10/milagros-galeno-una-medico-que-sigue.html,,,,,,,,,,,,
N,Acción Agropecuaria «AA»,#ab762d,,1993,2006.12.3,,https://kellogg.nd.edu/sites/default/files/old_files/documents/244_0.pdf,,,,,,,,,,,,
N,Democracia Renovadora «DR»,#81fcea,,1997,,,https://es.wikipedia.org/wiki/Mesa_de_la_Unidad_Democr%C3%A1tica,Unidad Democracia Renovadora,2012.11.9,http://www.cne.gob.ve/resultado_presidencial_2012/r/1/reg_130000.html,,,,,,,,,
N,Factor Democrático «FD»,#8da765,,1993,1998.12.6,,http://hdl.handle.net/2152/16391,,,,,,,,,,,,
N,Frente de Integración Nacional «FIN»,#cae60f,,1983,1993.12.5,,http://hdl.handle.net/2152/16391,,,,,,,,,,,,
N,Frente Independiente Nacional «FIN»,#0f1035,,1998,2005.12.4,,http://www.oas.org/sap/publications/1998/moe/venezuela/doc/pbl_19_1998_spa.pdf,,,,,,,,,,,,
N,Organización Fuerza Movimiento «OFM»,#273377,,1998,2012.11.19,,http://hdl.handle.net/2152/16391,Organización Fuerza en Movimiento «OFM»,2009.8.7,http://www4.cne.gob.ve/web/gaceta_electoral/gaceta_electoral_detallado.php?num_gac=495,,,,,,,,,
N,Unidos por los Derechos Humanos «UDH»,#e6190c,,1998.7,2012.3.6,,http://www.derechos.org.ve/pw/wp-content/uploads/ComiteJyP.pdf,,,,,,,,,,,,
N,Aragua Unida «AU»,#8aa8fe,,2012.8.12,,,https://asmenlinea.blogspot.com/2012/12/rumbo-las-elecciones-regionales-como.html,,,,,,,,,,,,
N,Esperanza por El Cambio «ELCAMBIO»,#738C1F,,2018.2.19,,,https://es.wikipedia.org/wiki/Movimiento_Esperanza_por_el_Cambio,,,,,,,,,,,,
N,Juega Limpio «JL»,#00949C,,2015.3.27,,,http://www.cne.gov.ve/web/gaceta_electoral/gaceta_electoral_detallado.php?tg=1&num_gac=744,,,,,,,,,,,,
N,Movimiento 100 «M-100»,#8DE2E9,,1998,,,http://hdl.handle.net/2152/16391,,,,,,,,,,,,
N,Movimiento Liberador Sucre Despierta «MLSD»,#FF8D75,,2008.8.1,,,http://www4.cne.gob.ve/web/gaceta_electoral/gaceta_electoral_detallado.php?num_gac=445,,,,,,,,,,,,
N,Movimiento Regional de Avanzada «MRA»,#0683C6,,2001.4.20,,,https://vlexvenezuela.com/vid/rodulfo-movimiento-regional-avanzada-283402051,,,,,,,,,,,,
N,Nuevo Pacto «NP»,#303092,,2005,,,http://www.noticiasdiarias.informe25.com/2012/11/siete-candidatos-se-enfrentaran-por-la.html,,,,,,,,,,,,
N,Por Amor A Los Pueblos «PAP»,#A03930,,2007.12.18,,,http://www.cne.gob.ve/web/gaceta_electoral/gaceta_electoral_detallado.php?tg=1&num_gac=405,,,,,,,,,,,,
N,Una Mano Amiga Revolucionaria «UMAR»,#F9140F,,2008.6.3,,,http://www4.cne.gob.ve/web/gaceta_electoral/gaceta_electoral_detallado.php?num_gac=432,Partido Independiente Organizado «PIO»,2009.5.14,http://www.cne.gov.ve/web/gaceta_electoral/gaceta_electoral_detallado.php?num_gac=485,,,,,,,,,
N,Partido Laboral Rumbo al Socialismo «PLRAS»,#991533,,2008.4.21,,,http://www.cne.gov.ve/web/gaceta_electoral/gaceta_electoral_detallado.php?num_gac=421,,,,,,,,,,,,
N,Progresistas Merideños Independientes «PMI»,#5A82C7,,2012.6.22,,,http://www.cne.gov.ve/web/gaceta_electoral/gaceta_electoral_detallado.php?tg=1&num_gac=627,,,,,,,,,,,,
N,Por Mi Pueblo «PMP»,#766FB2,,2000,,,https://es.wikipedia.org/wiki/Municipio_Montalb%C3%A1n_(Carabobo),,,,,,,,,,,,
N,Proyecto Guayana «PRO GUAYANA»,#99C54A,,2012.6.22,,,http://www.cne.gov.ve/web/gaceta_electoral/gaceta_electoral_detallado.php?tg=1&num_gac=627,,,,,,,,,,,,
N,Renovación en Democracia Nacimiento Alternativo «RENA»,#2A3137,,2006.9.30,,,https://www.aporrea.org/actualidad/a25747.html,,,,,,,,,,,,
N,Tinaquillo Es Primero «TINA ES I»,#FCCA69,,2011.9.21,,,http://www.cne.gob.ve/web/gaceta_electoral/gaceta_electoral_detallado.php?num_gac=581,,,,,,,,,,,,
N,Tiempo Social Nacionalista «TISON»,#FE6017,,2008.9.19,,,http://www4.cne.gob.ve/web/gaceta_electoral/gaceta_electoral_detallado.php?num_gac=455,,,,,,,,,,,,
N,Todos Unidos Por Amazonas «TUPAZ»,#E9D37E,,2009.4.21,,,http://www4.cne.gob.ve/web/gaceta_electoral/gaceta_electoral_detallado.php?num_gac=483,,,,,,,,,,,,
N,Unidad Soberana «US»,#EE6842,,2008.3.17,,,http://www4.cne.gob.ve/web/gaceta_electoral/gaceta_electoral_detallado.php?num_gac=416,,,,,,,,,,,,
N,Urgencia Solidaria de Transformación Estadal Democrática «USTED»,#FFF9AD,,1998,,,http://hdl.handle.net/2152/16391,,,,,,,,,,,,
N,Yacimiento Indigenista Venezolano Independiente «YIVI»,#9E0500,,2008.9.12,,,http://www.cne.gov.ve/web/gaceta_electoral/gaceta_electoral_detallado.php?num_gac=453,,,,,,,,,,,,
N,Movimiento Bastión Revolucionario 200 4-Fases «MOBARE 200-4F»,#C74B3F,,2005,,,https://es.wikipedia.org/wiki/Movimiento_Basti%C3%B3n_Revolucionario_200_4-Fases,,,,,,,,,,,,
N,Juventud Organizada en Venezuela «JOVEN»,#c1f4eb,,2005.11.2,,,http://www.cne.gob.ve/int_divulgacion_parlamentarias/pdf/CARABOBO.pdf,,,,,,,,,,,,
N,Unidad Democrática «UDEMO»,#FEFD54,,2008,,,http://www.cne.gob.ve/divulgacion_regionales_2008/,,,,,,,,,,,,
N,La Fuerza del Cambio «FDC»,#8bf508,Primero Justicia «PJ»,2009.5.14,,,http://www4.cne.gob.ve/web/gaceta_electoral/gaceta_electoral_detallado.php?num_gac=485,,,,,,,,,,,,
N,Manos Por Venezuela «MAPVE»,#b9b179,,2012.5.29,,,http://www4.cne.gob.ve/web/sala_prensa/noticia_detallada.php?id=2075,Progreso Social «PS»,2013.8.26,http://www.cne.gov.ve/web/gaceta_electoral/gaceta_electoral_detallado.php?tg=1&num_gac=679,,,,,,,,,
N,Vanguardia Popular «VP»,#e7909f,Bandera Roja «BR»,2007.3.11,,,http://vozdevanguardia.blogspot.com/2014/03/declaracion-politica-con-motivo-del-7.html,,,,,,,,,,,,
N,Nosotros Organizados Elegimos «NOE»,#7193BF,,2006.5.9,,,http://sgg.carabobo.gob.ve/gaceta/GACETAOFICIALNo2071.pdf,Unidad Nosotros Organizados Elegimos «UNOE»,2012.12.16,http://www.cne.gob.ve/web/normativa_electoral/elecciones/2012/regionales/documentos/AUTORIZADOS_CONTRATAR_PROPAGANDA_ELECTORAL.pdf,,,,,,,,,
N,Movimiento Pro Defensa de la Comunidad «PROCOMUNIDAD»,#008102,,2002.11.8,,,https://vlexvenezuela.com/vid/miguel-antonio-prieto-narvaez-vs-cne-283324595,Alianza del Lápiz Pro Defensa de la Comunidad «LAPIZ PROCOMUNIDAD»,2013.9.12,http://www.cne.gob.ve/web/gaceta_electoral/gaceta_electoral_detallado.php?tg=1&num_gac=681,,,,,,,,,
N,Vamos Adelante «VA PA’ LANTE»,#3F2578,,2010,,,http://www.cne.gob.ve/web/normativa_electoral/elecciones/2010/regionales/documentos/AUTORIZADOS_CONTRATAR_PROPAGANDA_ELECTORAL.pdf,,,,,,,,,,,,
N,Mesa de la Unidad Democrática «MUD»,#98CED6,,2010.12.22,,,http://www.cne.gov.ve/web/gaceta_electoral/gaceta_electoral_detallado.php?tg=1&num_gac=552,,,,,,,,,,,,
N,Cambiemos Movimiento Ciudadano «CMC»,#872183,,2018.7.26,,,http://www4.cne.gob.ve/web/normativa_electoral/elecciones/2018/denominaciones/documentos/aviso_oficial_inscripcion.pdf,,,,,,,,,,,,
N,Por Ti Venezuela «PTV»,#2177c8,,2018.7.26,,,http://www4.cne.gob.ve/web/normativa_electoral/elecciones/2018/denominaciones/documentos/aviso_oficial_inscripcion.pdf,,,,,,,,,,,,
N,Acción Ciudadana en Positivo «ACEP»,#8b3cb8,,2018.7.26,,,http://www4.cne.gob.ve/web/normativa_electoral/elecciones/2018/denominaciones/documentos/aviso_oficial_inscripcion.pdf,,,,,,,,,,,,
N,Soluciones Por Venezuela «SPV»,#e88c07,,2018.7.26,,,http://www4.cne.gob.ve/web/normativa_electoral/elecciones/2018/denominaciones/documentos/aviso_oficial_inscripcion.pdf,,,,,,,,,,,,
N,Prociudadanos,#024D77,,2016.6.1,,,https://es.wikipedia.org/wiki/Prociudadanos,Liberal Prociudadanos «LPC»,2018.7.26,http://www4.cne.gob.ve/web/normativa_electoral/elecciones/2018/denominaciones/documentos/aviso_oficial_inscripcion.pdf,,,,,,,,,
N,Partido Independiente de Venezuela «PIV»,#c0c9aa,,2018.7.26,,,http://www4.cne.gob.ve/web/normativa_electoral/elecciones/2018/denominaciones/documentos/aviso_oficial_inscripcion.pdf,,,,,,,,,,,,
N,Movimiento Pluriétnico Intercultural de Venezuela «MOPIVENE»,#A56F29,Movimiento de los Pueblos Indígenas «MOPIVE»,2010.8.12,,,http://www.cne.gob.ve/divulgacion_parlamentarias_2010/gacetillas/21.pdf,,,,,,,,,,,,
N,Movimiento de los Pueblos Indígenas «MOPIVE»,#443427,,2009.4.21,,,http://www4.cne.gob.ve/web/gaceta_electoral/gaceta_electoral_detallado.php?num_gac=483,,,,,,,,,,,,
N,Encuentro Ciudadano,#001D50,Un Nuevo Tiempo «UNT»,2018.12.13,,,https://es.wikipedia.org/wiki/Encuentro_Ciudadano,,,,,,,,,,,,
N,Movimiento Sentir Nacional «MSN»,#9E3296,,2001,2007,,http://biblioteca2.ucab.edu.ve/anexos/biblioteca/marc/texto/AAR3525.pdf,,,,,,,,,,,,
N,Nuevo Orden Social «NOS»,#FF99CC,,2006.08.24,,,http://www.cne.gov.ve/web/sala_prensa/noticia_detallada.php?id=966,,,,,,,,,,,,
,,,,,,,,,,,,,,,,,,,
,,,,,,,,,,,,,,,,,,,
,,,,,,,,,,,,,,,,,,,
#,Connectors,,,,,,,,,,,,,,,,,,
#,From When,From,To When,To,Thickness,Color,,,,,,,,,,,,,
C,2008.3.14,Liga Socialista «LS»,,Partido Socialista Unido de Venezuela «PSUV»,3,#FF0000,,,,,,,,,,,,,
C,1988.12.4,Movimiento de Izquierda Revolucionaria «MIR»,,Movimiento al Socialismo «MAS»,3,#FF6600,,,,,,,,,,,,,
C,2007.1,Izquierda Democrática «IZD»,,Un Nuevo Tiempo «UNT»,3,#1453A6,,,,,,,,,,,,,
C,2008.3.14,Unión para el Progreso «UNION»,,Partido Socialista Unido de Venezuela «PSUV»,3,#FF0000,,,,,,,,,,,,,
C,2010.1.16,Visión Emergente «VE»,,Alianza Bravo Pueblo «ABP»,3,#485EA1,,,,,,,,,,,,,
C,2008.3.14,Movimiento V República «MVR»,,Partido Socialista Unido de Venezuela «PSUV»,3,#FF0000,,,,,,,,,,,,,
C,2008.3.14,Movimiento por la Democracia Directa «MDD»,,Partido Socialista Unido de Venezuela «PSUV»,3,#FF0000,,,,,,,,,,,,,
C,2008.3.14,Movimiento Cívico Militante «MCM»,,Partido Socialista Unido de Venezuela «PSUV»,3,#FF0000,,,,,,,,,,,,,
C,2008.3.14,Clase Media Revolucionaria «CMR»,,Partido Socialista Unido de Venezuela «PSUV»,3,#FF0000,,,,,,,,,,,,,
C,2010.11.9,Venezuela de Primera,,Voluntad Popular «VP»,3,#F78F1E,,,,,,,,,,,,,
C,1936.3.1,Agrupación Revolucionaria de Izquierda «ARDI»,,Movimiento de Organización Venezolana «ORVE»,3,#837052,,,,,,,,,,,,,
C,1937.2.3,Movimiento de Organización Venezolana «ORVE»,,Partido Democrático Nacional «PDN»,3,#CB9517,,,,,,,,,,,,,
C,1941.9.13,Partido Democrático Nacional «PDN»,,Acción Democrática «AD»,3,#0066FF,,,,,,,,,,,,,
C,1936.7.1,Partido Liberal Anticomunista,,Partido Liberal,3,#FFD700,,,,,,,,,,,,,
C,1936.10.13,Partido Liberal,,Gran Partido Liberal,3,#FFF600,,,,,,,,,,,,,
C,1942.4.15,Acción Electoral,,Acción Nacional,3,#006400,,,,,,,,,,,,,
C,1946.1.13,Acción Nacional,,Comité de Organización Política Electoral Independiente «COPEI»,3,#8DC73C,,,,,,,,,,,,,
C,1943.5.26,Agrupación Cívica Bolivariana,,Partidarios de la Política del Gobierno «PPG»,3,#290a2e,,,,,,,,,,,,,
C,1946.12,Unión Popular Venezolana «UPV»,,Partido Revolucionario Venezolano «PRV»,3,#CB1D11,,,,,,,,,,,,,
C,1963.12.1,Partido Socialista de Trabajadores «PST»,,Independientes Pro Frente Nacional «IPFN»,3,#fcd680,,,,,,,,,,,,,
C,1963.12.1,Movimiento Republicano Progresista «MRP»,,Independientes Pro Frente Nacional «IPFN»,3,#fcd680,,,,,,,,,,,,,
C,1966.8.2,Alianza Cívica Nacional «ALCINA»,,Cruzada Cívica Nacionalista «CCN»,3,#D8B574,,,,,,,,,,,,,
C,1973.3.31,Movimiento Electoral Nacional Independiente «MENI»,,Opinión Nacional «OPINA»,3,#9A7628,,,,,,,,,,,,,
C,1973.3.31,Aclamación Popular «AP»,,Opinión Nacional «OPINA»,3,#9A7628,,,,,,,,,,,,,
C,1973.3.31,Alianza Popular Independiente «API»,,Opinión Nacional «OPINA»,3,#9A7628,,,,,,,,,,,,,
C,1973.3.31,Frente Electoral Independiente de Democrática Organización Nacional «FEIDON»,,Opinión Nacional «OPINA»,3,#9A7628,,,,,,,,,,,,,
C,1966.2,Vanguardia Popular Nacionalista «VPN»,,AD-Oposición,3,#D8C342,,,,,,,,,,,,,
C,1966.3.24,Alianza Popular «AP»,,Alianza Independiente Nacionalista «AIN»,3,#cc9015,,,,,,,,,,,,,
C,1966.3.24,Acción Independiente y Social Republicana,,Alianza Independiente Nacionalista «AIN»,3,#cc9015,,,,,,,,,,,,,
C,1973.7.4,Movimiento Venezuela Independiente «MVI»,,Movimiento Independiente Progresista «MIP»,3,#bcce1f,,,,,,,,,,,,,
C,2005.3,Vamos,,Polo Democrático «PD»,3,#FFAE50,,,,,,,,,,,,,
C,2005.3,Grupo Socialdemócrata «GSD»,,Polo Democrático «PD»,3,#FFAE50,,,,,,,,,,,,,
C,2007.1.4,Polo Democrático «PD»,,Un Nuevo Tiempo «UNT»,3,#1453A6,,,,,,,,,,,,,
C,1936.10.31,Partido Republicano Progresista «PRP»,,Partido Democrático Nacional «PDN»,3,#CB9517,,,,,,,,,,,,,
C,2012.11.19,Organización Fuerza Movimiento «OFM»,,Un Nuevo Tiempo «UNT»,3,#1453A6,,,,,,,,,,,,,
,,,,,,,,,,,,,,,,,,,
,,,,,,,,,,,,,,,,,,,
,,,,,,,,,,,,,,,,,,,
#,Path,x Position,y Position,,,,,,,,,,,,,,,,
SVG,images/conectores.svg,125,780,,,,,,,,,,,,,,,,
SVG,images/Flag_of_Venezuela.svg,475,575,,,,,,,,,,,,,,,,
,,,,,,,,,,,,,,,,,,,
#,Domains,,,,,,,,,,,,,,,,,,
#,Node,Color,Intensity,,,,,,,,,,,,,,,,
#,Partido Comunista de Venezuela «PCV»,#faa,30,,,,,,,,,,,,,,,,
